school_name,school_type,Starting Median Salary,region,priv_pub,% Admitted (total),Tuition and Fees,Total Enrollment,Longitude,Latitude,logo
Amherst College,Liberal Arts,54500,Northeastern,Private,14,46574,1785,-72.518493,42.372459,https://cdn.thetrustedinsight.com/avatars/firms/firm6857_1523981784.jpg
Arizona State University (ASU),Party,47400,Western,Public,80,9861,48702,-112.073221,33.45343,https://brand.iu.edu/images/design/logos-lockups/logos-seal.jpg
Auburn University,State,45400,Southern,Public,83,9852,24864,-85.492409,32.600201,https://cdn.shopify.com/s/files/1/0849/8378/products/AU16-1_600x.jpg?v=1552921651
Bates College,Liberal Arts,47300,Northeastern,Private,24,45650,1791,-70.203333,44.105299,https://s3.amazonaws.com/images.hamlethub.com/hhresized/500/2745/201501/bates_college_seal_2014.png
Bowdoin College,Liberal Arts,48100,Northeastern,Private,15,45446,1795,-69.965165,43.906969,https://upload.wikimedia.org/wikipedia/en/thumb/e/e8/Formal_Seal_of_Bowdoin_College%2C_Brunswick%2C_ME%2C_USA.svg/1200px-Formal_Seal_of_Bowdoin_College%2C_Brunswick%2C_ME%2C_USA.svg.png
Brown University,Ivy League,56200,Northeastern,Private,9,45612,8943,-71.404467,41.827605,https://fastly.4sqi.net/img/general/600x600/459463121_dQPi4sMzEJD1xcOfZVcVdXB8uNH1P4APBOZwEXtasbI.jpg
Bucknell University,Liberal Arts,54100,Northeastern,Private,30,46902,3608,-76.886275,40.954489,https://upload.wikimedia.org/wikipedia/en/thumb/1/16/Bucknell_University_seal.svg/1200px-Bucknell_University_seal.svg.png
Cal Poly San Luis Obispo,State,57200,California,Private,11,41538,2181,-120.65856,35.29889,https://upload.wikimedia.org/wikipedia/en/thumb/d/d9/CalPoly_Seal.svg/1200px-CalPoly_Seal.svg.png
California Institute of Technology (CIT),Engineering,75500,California,Private,31,8724,19703,-118.12574,34.139275,https://banner2.kisspng.com/20180429/buq/kisspng-california-institute-of-technology-university-ligo-5ae5c24163d157.6779169015250069134089.jpg
"California State University, Fullerton (CSUF)",State,45700,California,Public,46,6186,38325,-117.885349,33.883627,https://upload.wikimedia.org/wikipedia/commons/thumb/1/1a/California_State_University%2C_Fullerton_seal.svg/2000px-California_State_University%2C_Fullerton_seal.svg.png
"California State University, Long Beach (CSULB)",State,45100,California,Public,31,6240,35586,-118.1123,33.782752,"data:image/jpeg;base64,/9j/4AAQSkZJRgABAQAAAQABAAD/2wCEAAkGBxITEBASEhEQEBAQEQ8SERAQEBAZGBUOFREWFhURExMYHSggGBsxGxUVIT0hMSkrOi46Fx8zODMtNygtLisBCgoKDg0OGxAQGy8lICYtLy0tLS0tLS0tLS0tLS0tLS0tLS0tLS0tLS0tLS0tLS0tLS0tLS0tLS0tLS0tLS0tLf/AABEIAMgAyAMBEQACEQEDEQH/xAAbAAACAgMBAAAAAAAAAAAAAAAFBgAHAgMEAf/EAEsQAAIBAgQDBQQGBgYIBgMAAAECAwQRAAUSIQYxQRMiUWFxBxQygSNCUpGhsRUzYnLB0VN0gpKy8CQlNUNjc5OiFjRUVeHxZKPS/8QAGgEAAgMBAQAAAAAAAAAAAAAABAUAAgMBBv/EADURAAICAgIBAwMCBAYBBQEAAAECAAMEERIhMQUTQSIyURRhI3GBoTNCUpGxwRUkNEPR4Qb/2gAMAwEAAhEDEQA/AKWxJJMSSTEkkxJJMdkkxJJMc35AkHnUPcKZN7w09wSkMEzk/tBDo/7t8C5OSadA+ZtRVzBEBN1/zvgkbPZmXfzJbHToydCREJNgCSeg8fQYhKKO50LvqdtflcsKo0iGPtBqVG+LT4lTuBjJLlc6WdZGScJGNta8Sm4fyzhGrnQPGisDy+kS/wBwN8BXZ9dX3GbJSzTKs4Lr4xc07MPFLN+AN8Vr9Tx7O1eWbGdYDqKZ0NnRkPgysPwOC1tV+wdzHgfma8XIA8SvajUlsdPInuQD8yWxNCTuQD5/y8ccB32ZNDxPMc2R3JuTHda7k8SYkkmJJJiSSYkkmJJJiSSYkkmJJPUUkgDcm1gPEmwHrjhOpJ30uTTvP7uE+lvuptsfFiDbGNmTXWnuHxNK6yX4y1DlKZblVTyeRozrc/WZgF0Dy3J+Rx5gZLZ2YPxGZq9muVjw9kUtXMIoxawuznkqX5+ePS5OVXjpsxdVU1pln5d7OKONfpdUzbbs2kX62A5jHl7fXLWbSRlXhKPM6M4moctj1rBCspH0caqNTHxYm+3ni2OMnMb6j9MlvtVD95UGdZrJUzNNK2p2P3L0VfAY9VTQtKACKndie/E4saj6fEqR+Jtpal42DI7Iw5FWIsfG98UZFcaYTqvYviWjwZx+H0xVbBZOSzHk3gG6A+ePMZ/o/E86fEZY+Xvpo8VNHDKtnSORSPsqefW+Ey3XVHrcNaut5XvEWQQ0UyVKorUrsEnh5gKwtdfA9cegw8x8lChP1DxALqQjcviZV/s6hlUS0kulWGpQ+6kW6Nzxyv1l62KWjxOvicxzWIed5FPStpmQi99Lg3Vh5HDzGy6b/tMCsoZG7nbwHEGr4VIBVhIGB+yUNwcZZ7BKSRO4yq1mjOfivKfdqqSIXKg3QnrGRdfnzGL4eQLqA05kV8DA+Cj2dTHyJMSSTEkkxJJMSSTEkkxDJNs9OyGzqVO2x8DyI8R545yVuxOlSO5rA3ty/wA88dGmnPmPfCnDwhpZMwnHwIzQIftWsrn79sJ8vML3DHT+sPqo4jmYy+zLLQsD1TnVNUszFj0S+5+/e+FPrNxawUjwITiKgBYwZxvXvXSCmprNDCS881z2YI27zDpz+/BfplIx19y3yfAmeQ7WnSzbwdmlNTK1NAktZUEhpJIYxZm6AMx5Dx6456hjtcedh4rJjMqeBG6V62RBoSKmJ5GZi5X+ythfCasY1bbJ5CFMbW8dRQrfZxNM5kmrQ7sSSezb7gL3A8sNq/Wq6xxVNCDNiFvuMCZzwtSUS3qKl5pD8EMOkE/vE30jzwwxs23IP0LofmC2VVp8xNqZQzEhQoP1R4DkPXz64aqIKTMEaxB22IO/iPEdRixnBGbK+HFrQWp5I45BbXTve9/tI3Ir5cxvhfflfp/vHX5hNVPu+DDtDwhmsP6moRPITPa3hYgjAD5+FZ94hIxr1nbPDmRV466P3umcWcxadSEcpEta5HhjKt8MNyoOjO6tH0N4mjIswly4gO3b5fI3dmXfs3PRhzU+K/ji+VjplrsDTiRWNB/aPOY0UNZBpcLJFIt1KkdRs6Hp6YQ1W24tvL5hbqtq6lbcGZQ0OcNEd+xE29jupTut58xj0mdkLbhc/wAwCioLdxnZ7XKImWldVuzqyd3rpsRsPI4x9Ds1WR+JfPTsSuWFjY7HfHodgnaxcw4mS2JOTzEkkxJJMSSTEknuIexud+5dyx8jy5cxywowBqKclI5PraAAVQtzI3IthDk5BxMkb+0xhWotq1Fvgrh41FYI3DaISTN/ZOy39R+eDs7LWqnkvz4g9NHJ9R/9p1SqUHZiy9o6KFX7K7lR4AC334QejhrLy7Q/L+hAogSdjDRUkdRO8cPY3NNCbSyszEhT1VbWF+uGSqtl7Oq7P5+BMCeIEWJuK51bTDamiX4YUUW9XBHePrhguGhXb9n8wX3yCeM6KDjqpiYsq092+L6FAW8bstjjOz06qxdGWGUwPjUPQ+1V7d+lQnxV25ehwtb0BB9rQkZzATgzX2lVUgKwqtODfdbl7ep/PBVHo1NX3dzN85m8RMmkLsWYlmYklieZ8Thuqqg0viBs5bzMCv8Akg47yE5qeaT5g9R/8YmxIZupZ3jdWjZlcWIKH8cVetbBp+51WKnaR8yj2mOoC1Efa2sO0j2PqVOxwhyfQUY7Q6jGr1DrTRgHtEpSCVjqGKi9hF+Ba+w+WAh6Jcp86hH66sjYi2/G6PM7+5NZl0squbSr/wAZLWY+e2GSenmtePuQT9Rtt6m/JeK4o2ZY1ko1dgRHKS8BJ5jxjPnc2xW/BNgBOmMsl4Q/iMTzKlZS1rL2aTq1K5LKQHJBR1YbMt9r+mASjNQ9G+x3NSVDh4K9rcxRaPSxWRGkYWO4IAAIPhfGvoSdvvxKZzeGg3izIxNRQV8ahZGjQ1CqNmBHeksNgepwZh5hryWobx8TCyrkgslfWw7gUmJJJiSSYkkmJJO5cuPYGdu6uvs0/afmflbrjP3AXCTQLxXcsP2QC0VWeQLx29Qpv/DHnf8A+gO7FEPwBpTDuRLFFW5mbqh1xMbkABSlyfS5JwHlc7KKl/nN6yFsYwDnuYCaeOYKZQhZKKnt+um5NUMvSO9vW2GGLT7NXA9f6j+P2mTtzee5nlS0tPLW1TdvXPZU1WKJK2wCr1sPutiUZHv2CqnpBOPV7a7MrCVyxLE3JJJPiT1x6Fd61Fh+7c8tjpHzOakxNdbM75jflnCzPSwzxwe9tIX1r2gURqp+Eb88Lbc0LZwLa/pCko+nfmdtNViKspqcU/Yqai5EqC5jkIAXUeYG++MWUvWz73L6CMBqTM5HeqqqRlLwQymcLdQVVFJCAnxJA+eJV1Srg68yHXuFSPE2cYSe7VENbFGB7zTHT8JCT6dJPUEgdMcwT7tbVMd6M5ZpXBAmedNTwjLkqIonMsTPUtpse8LqwK26k4lAsdnIPQ8Sz8VUBoFreG4lpaecy9i9QbLEwLLpv8V+YFrHyvjenMZrjXrYHzM3pXiGHUD1ME1JNYnRIoVlZGG6sLqw6EW3waCty7Ew4+2dxryL2isllqIUZTzkiADfNRscK8r0nl2jaMJqy+JjdHxVl0yDVLFb7Ey8v7JFvzwnODm1t1DhZTYNtA1XnuWQh40eSWGT4oYwWQOT8aMfgN97dcHV42W45N0Zi9tSnQgPjmZKmGnqIJGkjiBhk13urHdSw6Da18GenoaGZGGtwa/VnY8Swsiow+WQIwuHpQCD4Mhvjz+TYUzSwPzGFS7q0ZTmU5T23bkkrHTxSSO37uyqL9Sceusu4cdeTFAr25P4gsjBO9nczI7nmJOSYkk9UXIt1IHzxwnQ3OjzLC4+yoQZfQog2QnW37bIGJPzvhF6dkG7IcmH5NfGoGNfs/y7saCO4s0tpW/tbL+AH34U+q2+5ka/ELxk1VuLhmhlfOJZNXZ64lBH19LfqwehJFsM1Rq1qQee/wCkGDbLRm4Wykr/AKTMo94kA0rY2ihO6RIOS7YWeoZRP8NPtH94VTVsbMTfatnQkljp1IIi1F/+Yw2H3Yb+i4xrQu3zAs23vjEqnondHkVSUjF3b6q32AJ8fLrh01ig8D5MCCHUP8N5HT1UDI0nZVRl0wlr6W7moq1uXPngLKyLKW2BtZvTVyED5zk01M5SVCpHJh8LL4g4Jx8iu8bBmVlZUwllFeI6dtNVJTTCRdIUuVdCLksBcA3+/GF9IZ/s2JrVZpdbm3M+JA81K5BmNKgu5upkYPqDHa4AO2OVYmkYeNzrXnkD5mnOuKO37X/R40MxUuwZidSiym/h5Y7Th8NDfiVfI5dgeZBxIppY6aSnDJG+tT2j6tRN+osAfDHTifxDYp8y3v8AQUibM7zaGtqYXYmBFVI2V+8FRfArv1OKU0vj1HXclliu2zGTOaqSeV4qaKOSBadY4Zu6RGu2tyx+EWBFreGA6KxWOTnRJ7E2tKk/T4le11QzuzO2ttl1bfCosoHlYYconFAAIBZtoWp+GnajaqLKgDWVXIHaLbcoetsDtloLeHmbCnSbg/LK8wtfs45RsGjlTUCD4A8vXG7oLF0DqZggHuOdBw9Q5hGzU5amnUd+K+pQfEA7288JrcvIxW1YNj8wxKUuH0zkiyWooJGE6dpRzr2czR7qUIsGI5gg7g2wQMuvIX6D9UqKWq8+JZWUP2dEur4IYm0vcWeFV7rg+a2NvPHnMhC+T0OyYwU/w4ncKZSHyes0gF6hpbei2Kj88NMvJ9vLTfgQamraMZWTg3N+fX1649GDvWorYdzHHZJMTzIPM3ULASxk8hIpP7oYYzt7qMsn3y6ePqHtaCW3NArr6L4f2Tjx/plnDJjq9Q1c3ZHmQly5JEZVIh0Ek7IVUKSfkL4rkVMmWRqSu1TVEnJ1FTVwxRKRl9K2tnfbWQbtLIx5knp0GHuQfapLn7zAq/qbYjDxfxxFAjJA4lna9ijXVAfrE9T5YV4Ppltzc7PEIvyVRdCVXARJJqmZ9LNeSRVLEg7mw8ceo6ReKxXrme42ZPmi05MbAS5ZUd090dxiPrdQ1vzuOWF91Js+sdOITWx+0+J5mOVGkjqQJlSGUxPTOtmZ1OoFFtuDYgE7cr47VYbyu17G9yWKazAOYcS1EsMcDOTHGLC+5bzLHe2CqsREJYeZjZaWED3wVMe5L4knc8+7HdyTy2OSTK+IJNGbIah0voZlve+kkXB6G3PFWUGW2ZuypI2niEp0xGRQ58F64rezhCF8zqaDxi4mneqqeyUdlS0/cjFu6kK/XJG1yN/PAWLWKqyx+4+YRY3J+p01mTdtS1E5tD7skfZavjePleQDa55g4qMnhcqfmQ1hh3FXK8wkglWSJ9Dr+XgR1Hlg22pLlKvB1tNZ2JaGV8eQvCGqI2iBOlnVNcZfqDbl42x52/0i1G/hmM1y+S/VOTPs4hqcvlhoXZexu7xWbvw372m+9rm9sa4uM9Nwe8TljB0+mGfZsf8AV0PW0kvLw1YXesnWSZvh/wCHuIftIyPsKouotFPd1I6OfiX77n54felZfvUgHyIuy6uL7ijhvrcEkxzwdSH7ob4Qy0T1SIQWUB3f91UP8dOBcuz265vSu2lhxZ6JspJ2MxUUujf9cx0qD6ixx5/9Ia8zY8eYyW1TXB2bS0lHSR0hlkd9nmihYfSORuskn1RfpzPLBVCXX3G0jr4mDMqLoQJ2NVUxF300VDEL2UFE9UTm7HxwbzrrbiPqYzHRI2IsQUbSy9nCryMzdwW7x8z0G2+GDOK6+TdQUKSeo4Zbms1GDSS08MD7FGljupb9tjzHgenXbCuymvIPuqdiFK/AaI7nlbxY6rJHPQU4WTUh0KV1EDZwQLHxv546mCCQyPLG/iOxFB5JZ3+u5CgBVBNkAsAAOQGGIC1jcFYvZPP0XP8A0M39x/5Y6ba9bJlQjCT9Fz/0M39x/wCWJ7yf6p3g0n6Ln/oZv7j/AMsT3k/1ScGmElDKti0cigkAFlYd48huMdFifmc4GbP0XP8A0Mv/AE3/AJY4bk/1ScDPP0XP/Qzf3H/lie6n+qd4NJ+i5/6Gb+4/8sT3k/1ScGnpy2e36mW37j/yxBcm/MgQ73OvLc2MasjAuNP0erUdEg5MByPXbpillAftZ2uyM9LCf0MzySaPe6jVLIx7xiTYKq/WNxywuY7zAAPELUaq7gSsy96iFp4acxw06qhaxu6j65PInqcGLclb8CezMTWGXYmXAtcq1Iils0NQOzkRx3bn4Wt4g8jivqFbe3yr8icxyOWmjHmvDLUE61UOpqcN9Mh5rG3dYG3xLY/LC6jOXKT2n+6EPQyNyHiEuAKjsZqqjJ21drT/ALSN1U+BUqcDerVCytbfx5m2M+m4Qh7SqHtaB3+tAyv/AGRsfzwH6LcUyNfBmmYvJNyn4KFnjmkX4YdGr0Y6cexa0AgRPxnNi/zK67lq+ybKrQy1BA1THs0/5a7t+OPM+s5W7FrHxGmFV9JMFcKAxTZpFYEQJLKlx8MsZbQ487HBeT/EWthMqtgss38D8H9parqgW1EtHG31mO+t/K/TGHqPqPtj2qppjY29u05vaXnyu60sbdyI3kI5NJ0XbmBjf0jF4r7r+TKZlw1pYN4Pal0yrLLNBLJYLNHq+jXwZh0J8xgrONmwyjY/Exo48ehGjM6SJEjNbDLVxxxACthlupsxJVh06C998AUuWP0Nx2fEJsAT7pXOcZi08pfko2jTokY+FR8sO6qxUv7wCxtwlwnKyLWujFWWkYhlJBvrXGWTpioIl6Trc54s9rWYBaioZm5BZGuSPAY61FAXbCcFrHoRtoeHs1dFb3qRCyk2Mxv8QsNvIk4WPm4YbiIWKLCPMAZzPmVKwWaeddQBDdo+kg87HqcG0fprhtYPYtifM7KOvlloHMsjyFa2lA1sTYeAJxR61S8Afg/9y6Esh3OPiTPapaupVaiVVWaUBRI1gA3TG1GPXwGxKWuyudQd/wCIqv8A9TP/ANVsbfpavgTL3WEg4iq//Uz/APVbE/TU/Mnvn8wvwpnVS9XEjzyupEt1Zzb9W2BcumoVEqJrTYS3cVX+I+p/PBqHqDtrZjHw3W0xBFZrkWBS8Eevu6r95AD9/wB+A8qu0ndR1vzCKbFP3+I1Q5i7x+9VR91oEv2FJH3e1PIIbbkefLyGFxrAf26+3+T+IUGBGz4lfV5AkLxKyRMxeHXbYXvtbY77fIYd1jacHPcAJHLYly8NZslZSBjuwUJMhP1rWJI6A48hmYzY1/JY3ps5rqKPEULxNeI/T5ay6D1aic3X+6dsOMdhcmn8N/yILb9B0PIh7Oc7jqsqmki+KVFj7O+6zM6jT/LywuoxWozBy8CEPaGo68maH4eSlyipQ7yPEXlb9sch6dMXGY1+auvAnBSq0ypLY9UeonBl4+z11OXU2nor6r/aDm+PEerKf1RMfYf+DuLU1VDBUZvPKNal4oezXbU7Wbn0HdOGypbbTVWv79wbmFZjBOae0KolQpDGsA02LJctpAsLHkAMFU+k1Id2HcwfLPEqInUq65FDG2tlDMSeZYXYnx3w1Y8UIHWoIvbdx2biWoopGgNNAsKMV7Mx21KPrl/rG3XfCtsWvJXkG7hQtas6I6gvinNAVRYNUdPUKszQk/DILqyi21r742xcfX3dkfMpZaT4ivhiDuC6hzhv9XXf1ST/ABrgW/fJf5zeo9GHPZhRK9S7kauyUEfDsx5G1ufn0wu9XuNdf84RhKrHuWt+P8vAWx5AnuNuhFX2j0UbUbsbB0tp23Nuaseg6/LDj0e1lt4wHLUaiLkx/wBXy+HvtJ+Zx6C8D9QD+x/4MCQAoY3cP5XRvWVckjJJN7xMohksABqPIH4v4Wwszb8hagEHULoRGc7hDMPZ/RSA6UaFjvqQ9T00nYemAafWbk+7uEPhIfECL7LlvvUtbyQXtg3/AM/v/LMP/HA/M504TNFW0zCTtI37ZQSLEMI2OCF9QGRSdj8f8zBsYVuNSvJOZ9T+eHaeOoE29mSNrEHbYg7+I33xG+rqV2d9SxKemrK2KKV6mlSDQQpdEGkg6WRVI54S2PVjMVCnlGAVrBs+IP4spYRT9klS1RPSsdepAoWMnSVWwsRffnjbEdi/Jl0G/eZ2qo8RVy3Mpqdw8MjRt4g8x1BHUbcsMbseu0cWG4Otjp4jtSZuJZoDWBYZJYyBUKo0TQNdTHIvIHnv064VtT7SEVdgfH4hXLkBvzNlPlLUrQwfF21eJF0m96aIbOPK5+VsVa5b1LD4Gv6mX48CAYY4gzha1WpKTVI0j2mk0kIiBhe5IF+XzwuxsT9K3vXdfiEW2C4cUlSQxliAtyxICgeJPTzx6tzruJ9b6lmcC5wtNJPROxdkY9l5uq99B53vbxx5/wBSxPe42j+sZY1vAcIsVczS0VbK3xS1sR+ZV7j+GGNYCWoB4Ag7MSrGdcOUCHKZqlhaWpZEjP2YS29vMlb+mM2yfcyxWPiQVar5H5gDh6GMu8kqNJFDGzsiMQWc7KNQ3AuTv5YNvYgBQfMxrB3uNdfxPPHDGJIqSoikVew1sJGRLbK19zblcjphbXh1s5KnR+YW1xA0IlZjXPNIXcgsbDYAAKOSgDYDDiqsIICWnLiA9ysOcN/q67+qSf41wPkdMv8AOb1eDMuEM7NLUBzcxmyyWBPdv0W4F8ZZuN+or0Z3Gs4tLegz+lZQwnitt9YbE9CPHpjyVnp9ynQEbremvMQPaFxSkwEEJ1IpuzAtYtfxvY/MbYfelenmr6mi/Jt34MFZN/s+Xw99pP4/zwdcD74/kf8AuZVnSTupcr7XNZpGkSOKOrkLOzqpuGJCqCbnljK2wjF4gd6l6gPc2ZZlLncMiSyK4KRswLbd7SAWK73YdL26Y8tZhXJrrzGoyK9TyhzyGWMyhtEYPxSWW48QCb2vjlvp9tZ1qQZFcDcRgNU0UiyKyqZgUDrzMRs9gcMcIFKWDD8f8we5lZ11KZfmfU/nj1i/aInb5ngxbWzK76jPw5TJPCymR0ankWSIdm0ilW2KlBzN1Xf1wvyHKNvW9wuteS6ncprZFqNdK8jyRshnkj0hIraiFQAWPd2O/hjPlQhGm1+0sSe+olHb/PUHDMdgdwIHzHiloveckY2JejkkMZ/Y7pYf9x+7CZ7DTm6300PVOdOx8TtoqiWXL6GKPaaaSSnEpF2WBQSxVuYFrA/u4zcJXfYx8DvUshLIsc6Slgy+lbSAqRqWdjzduQZvntbCS2y3Lu4w5AlKdysPZtl4lrkJF1gBlb1XZfxOPT+pXGunY8mKcZOTQPWzyRVkjgkSRzu1/wBoOTgmsCygD9pm51buOmcZckkVMsFtOZ1SzED6qqlmAHkxY4WV3FC3P/KIZxBCgfMLe06IR5dGi7IksSKP2VU2wD6Q/uZJYzTLTjUAIm8FzVEYnkp4BUt9GjKQWshJb4R4kc8Os4I2lc6EFoLDwIxNmDyf+Yyns2VWtMIyoUhWINrcr9MLlqFf2W7H4m5JbyJWshuSfEk/ecPgDqLSJjiw6kEO8MLdK4C5JpH5DrrXa3PAuR2yn95vV8zgy4BZFaSNmQcxoJ+8HnjW1uSaUygXUZhnFFpA90IPe37AXOo/CO9YeN7elsAGq0/5oSGT8QHnEsUhXsYSluf0Wn8r4Lp5L95mNh34EJZShGXvcFb1tLa4IvYcxfA92jeOP4P/AHLp0vcG8URN77Vd07zyHkdxq2PpgnHdRWBM7N8uoM7JrfCwtf6rchvYHljbmhmY3J2TfZb+633emIXWQbhzg1G99iJDWAkJuG5dm1zgXLINX0ibVci3cAPzPqfzwWg0swJ+ozHHQddznkxo4Ekk7SZUqBSgxAvKbHSitewH8cAZ4XiNjcJxgeUZv0ukl3/Sb9nTqVlje15iB8SAdDe2+F60lDr2/PzvxCOYO+5Wco3PS5P3eePQa2oi8/Mtr2c0+rLWU/DK8ot+ywC/Pljynqj6yhr4jbEXVJBmrJMwp6SipZpNRZGqYkVBc6y5vt0Ngo+eL5FVmRayL4Ot/wC04rBKwZj7Qa4NRQs6OjSkhIWbYEjaRwOZtbbpi/pVAS8gHepzLcFYK4GpXoq7s6lGiM0ZRWbkXvcBWGzX5c8EepMuTj7rO9TKhfafub/aLwobvVxAkG3bR23B6uPLGXpPqC8fZady8fR9wTdwat6jLo2/3FHLL1+KViwv8vzxPUvoqscfJH9pbGJLjfxCPtXlAoUG2pp00j0BvgP0JD7xIm2b/hyscuzaeBHEMjRhmBZk53UEAX5W3x6e6hLCOY3FSO6+Iy5HxHJLHLHNU1TSGKXSt0KNZGsrbXHXrgC7FrRgyrCUtLfdErDX4gXzJiSGGeGaWR5GaOdaYwxs5lYtYLcAjYHnfA2S6hdMN7m1KEnzDgml/wDeIf8Av+6+nAnEAf4f95psgeZvhrZArqc1pmLAAOyyXWx3KnR8sVNf+YVn/eaK+h5mnt5f/eIf/wBn/wDOO8Q3/wAZ/wB5Xl+85c3oppIRKa5KtFljj7pfuu2wNiAOnPF6bEV9cdSpUn5nTUyTRsY2zVFaMlCpWU2t0vpxwKGXYTf9Z3WvmSnzBwwJzSF1BF0dJdLAfVYadxjhr6/w/wC86P5zCSvkJJ/S0QFzsElsB0A7nLEFfX+H/eQ/zmcImmPZLmiSMyt3AJBdQpJW+kdBju1RdlNTqgnrcS2FiR4X/DDPe1BECI1MTjsg7hzhR5VkkMK65RC4VLA3DEAmx57G9sCZIVlAbxNq2I8RulpjDDTQe7RzVdUzSVIdFLLGTYi4+A72+WFyMLLGbelHiElRWNSvKoAMwHIMwH7oOw9el8O1P07gJPepafsrzAPSmG41wyXA/YY3G3he+/THmPV8ci8WDxGuHYCujBuW0aytRQndTWVlRb/hK1gfQmwwTbb7au37Af2mYTbhJ2+1un/0eB/sysP7yfzGBvQ32WEt6gv0Cb+As0FZStBPaR4D9bmVPwsDzBHQ4r6nW2LZyr6BlsVxYmm8zbxDmU1EArqamilunaH40VhvGx5HxB64piVV5I2h4uJZ2NXT+IEoa1EzpQl+yMMcSnwj7BW1MegwfbSXwCG8/wD7MFtC3bHicPtAzI1f0kW9NTOIr9WkZS2u3htYY19Mxv066PkymTYXgXhnPEplm1wpPr7MqknIFSQT64Oy8Z7QNHUxot9sd9xqyHiKaqcxQ0VMilWDSIrDSrKwvq5X3wtuxkpALv3CEuazwsruVCGIPNSQb+IO4+++HSnYgLeZhixlIc4aP0df/VG/xrgXI6ZITTruZe6JURaoVCVEa/SQqdpEA/Wx/tDqvzGOhzW2m7BlAA24D6//AH08cEgnXXiZsNGF8uoEWP3io2iBIjjvZpXHQeCeJ6chgeyzkeKzVUGoSy970Mxsq3rqfuryA52HS2/zwPb/AIw/kZdNFTOiLhl67MaxFkWNY5WLE3Oxa2wHPljK3MGNQCRuXWnmxjWPZdS9npMkxk/pLrYHx0+GE59fs5eOoUMFJ5P7MaXQAskyyctdwQTbmVOOr6/Zy8dSHBSK9HkLUeZwws6yXSRgygjbQwF79djhsctMnFLgQX2AlutxMk5n1P54aJ4grdNqY4tKnuH+FK2CFpZJ0kddIRRHsdZYEsG6bA4DzKmsQKp7hFLBfMZVbLKiTtBLWxsxGpnZiDYXKs5vblgBRkVDTAEf0hJ9mwcgYgTgajbYajbnyvYc/Lrhyv2jcAJAPUP5fG9NLQTxM4FQAT/1CrIR1FrffgK0rajq3xN1BXTD5j/koU5tUqgAjpadIkUchdgWA89z88I8tiuIN+STD6vqu6+J57UkHuF/CaK3/djP0M/xtS2cP4cQ/Z9mvY1iBtkl+jb1Pwk/PD71TH96k68iL8V+Ly4szy9aiCSF7EOpXfobXU+t98eOxr2ou3HDL7iSs84iNPC1SQBJJAlIu+4mUlZTbp3VH349ZRYLG9seB2YssXiDPf0Z2eRSuwsZpI5V/cDaUP3XOMjkbzwg+J0VcccsYm5UkRlQTFli31lBc6fIYcXc+H0DuBKqk7MeKvOYXgemoZEp49KaB9IJHlBFw7WtYjf5YTpjWB/cv7hxsTjpYn8QZe8MxVzqYqrlvEsAzG/XvEjDSi0OnUDsUI2xBmNzqYgfMOcNfq6/+qN/iXA2R96/zhFHgwRBOyMrKxVlIKkdCOowQUVl1MQdGNsFBHUJ700RDAMzQLYe8suxeIcwL21W5b264XvY9be2PH5/EMWsMvMxZzGveaTW1gNgqKLKijkir4WwciKo0vmCs24byj/Z0v8AXaX8jgK7YvA/YzaptVxz4E/2lmn7x/xnCb1cH2E/rDMQbsaP4x5lvMZa1MH5j1P5YsOjO63K74lP+uqb/kP+UmPUYP8A7E/ziu7YtlXycz6n88ejTRGjFrdtMcWI+ZziD2Yz5Bm1JFCYamnabtH1yPexQC4UoOuxJ+eAMiqyw8q21CK3UdGFtVHFBUT0VRLYxlHp3Xq/dBN+ove9zgQG97FqtH9ZqQgUlYlUVI0sqRru7uEHqbC+G9zLWCfgQRBzYCWrnmUJG2XKbGOkjmkbzSJQ2/qQMecxshnNh/JEZ2JxCj4E5PZaGkasqGveWQb+t2b8dI+eOet/SqIDO4P3Fph7Wc1AjipgRqZhJIPAD4R+OO+hY/mxpXOsHgeZWKkixGxv91uR+/HpiOjuK96IMvThHNzLCiyd2dEjMi/aRlGiUfK18eJ9Rxgjll8R5Rb0BBXE+VdrLJTdZmSpg/eDBJ08tiD8jgvCyOFXufjo/wDUztTkdTT7Q6yNKaKiRkV5GiWx5LEuwLW5C9saemVs9xvaUyXC1+3KyzTLJYJDHKpDC3oVPJgfDwx6Su4WLtTFjoEPc782jB93EERVezRtSaizSMO93hz3HLpjCtgNmwyzJ1tZ05xlMsVFE1TcSPKeyRydQhKb3vuBextjOq+uywirxNHQon1RawcdEQcj5hzhv9XX/wBUb/GuBcg/Uk2q63CFBQQzQipsWaBQJqZLapGUWWQDotvit9nzxk9jI/tfn5llrBgSqzWV5RLqKMtuzCGwjUbhEXoB+PXBSVKF4zFrCG6j7kPCEdbD71MvZNKrKFjtpLgbT7fCf2fnhNk+oNjv7adwxMcOOUXMvj00M689NfTgn02v+GDbG3ap/Y/8TNR9EP8ADucwU2YZm07hAXa3PchzcAeO4wvz8SzIpQJN6reDmMlH7QaGR9Ad1ubB5Esv34VW+iXqu9QgZlZnlX7QKFZNBkdtJ+NFJXwvfrjqei3ld6nTl1iLWZZnFUZvTSQuHQQuNQB+LS+1j64bUY7Y+GVb8wWy4PbK5fmfU/nh6oHHcXv909htqXVfTcarc9N97Yh2RoSL5jusmWVaM7xzU7xKupYiGLoO6GG2+252FsKiMqhtA7Bho9phODinNIexgp6Z2eL9azOiq2u2kK1gL+ONsSp+ZewdzO50CaWTgil0V1E8llEutkv4i6re/nfHPUH5UMF+J3GTi4Jj1xVqlFUiWHZQxwmRjpVO0YNIxPWyqLjrqwm9PX2+Jb5+P5QzIPINxgPI86YItDl0faOLmSqfZdZ5uo8PXnYYKysZCfeyD1+JlVZ4qXzMs/hgoE1y2rMwmGzS7hSfrBfDwGJivZlNxUcUElorq+7zK0OPQ/gRaRo9Sz6OnknoaWrpSRV0yaLD/eImxRh1x513WvIamzw0ZKOSchONeMY5pIDUh6WWmfUroCwNzZkdOajGo9PapSavqB+Jz9RtvqizxdSaahpEbtYJ7ywyXJupPIk9Qbi3TDLDYNXxI0R8QW8HlyjhxLlvvOU09SQDNFGpLeMV9wfuwpxbvZy2rPgmF3V86A4iVk3ElTS7QvZbkhGCkC/UX5Yc34lVv3QJLys5M2zWaofXNIZG39ADvYeAxanHSpdJKvY1nZnGqk9L+ngMbE8fuldg9Q3wzOgM8ckixCeneNXe+kOWVgWIBIHdtgbJGyCo3NK2GtGbqfKQjB0zGjRhyKySg+nw4q1pYaKGWCcTsGZPkBkLyCro3C2MkiswC6jYFgVHXbYY77/t6HGcNXLvc30UEkS6Ys1pkU81WaYDzPw7YyfjYdtXNNkDW5Jpo4KQx+8RzySVMUx7EsQFQbliQN74grex+QXWgZPC+Zjm+WxTTSypW0gWV2cB2kDDVvZhY2OLVWvWoUrJYOTeZzRcNhiFSso3diAqh3uSeQF1xdskj6iplBV+8xfh5QSGraJWFwVMj7EcwbLbEGSfIQyGvXzO7JaOGmmEz1lK6or9yNnLElGVQo0+JBxlez2JxCzteh2T3FmKFncKilmdrKo6knlb5jBnJFT6viZfe/ibszy54JWikFnTYj5Aj88cqsFv1JJYhSa8vqTFIjjmpB9R1U+IttbFrEDjucRuM9q5zJIzkAF2vZbWFzsFA5C21sQDgvUh+ppZ3GvD6/o+F0FpKSOOzDmY7C49bkb48zg5h/UlW8NGd9X8PcXc+knnTLoUJZpoQ72J77lyAz23bZRvhnUK6i7n4g55MQBLC4eySOip9IsW06pZDzZlBNvQY83l5T5VoA8RjVUKl3Kb4jzVqmollJJDMdN+iA7AedrY9hiY4qpCxNe3MwZgkjuZDrox59mefrFI1PIbJMQUYnZZB/DCT1jENq+6vkQ3Dt4twMes94VpqoanTTIRtMnxeVxybCPE9Qux9Lvr8Q9sVXMSZsgddeXSFSGvNRzWP60DvREnkCLi3iL49AmUrL7w/qICajy4GNvD9PryhYmHeEUyMv2WDMCrDoeW3nhJksFzee4bUP8A05WUxJEQSN/88vwx7EfUARE2gDqeIpJsAST0GIepXsnUduHsripIPfawburCnpyT39Qtqdedv8nCnIua9vaq/qYYiKg20UKhe0dmjiKgm+hAx0g9B5YZJ9IAYwdtt2BOex+Yvf5eIxqdb6Ep/OZLIbFQSA1tQ8d7i/zxUqPJHiQNo6hZspT3OKpDnU85iZWAsLC99ueMPfPuldeJr7fW53Zzwt2UcrRuXMMsUTahswdAwdD4XuMZV5eyN/MsaNibIuFFaWjTtd6iB5nO2zLqOhfPu2v544czpuvE77Gj5grOsuNP7u6s1p4UmW/xKdTLpNutwcb1WB9qRKOvGCieeCCB1oTHszZT07uwVFLMSAAOpJxwkIvIzvbDqOeTcPBoXEEhjzGFwXRhpIUc0S+/W9+trYVX5ZD/AMQfQYZXVtfPc7q0wZjE6SOIq2kQ3nddIkRdiXHMb7fdjGrnivyXtWliA47leSKAxAIYC+4vvvzsd8PB4BgJ86niXv8A55jfHDogzo6Mvqc9vQEi/wBNTWW32yg0/O9vTfHh0Ps5Wm+DHm+VUGcLUadqxADCiijpI26mQDVK394gYM9QuKpr/V2Zjjrs7HxOL2lcRCGE0yMO2lAD2+pH526nwx30jAZrPcbwJXNu0NLKkIx61e+oqnmOTkyjIuL3tccvzHnjjeJBLIinzRYVelkFXTEXRmVTIqnYo6ne/lvhBZXhs+rRpoyR7Qu1i3WcT5ikuqWSRHH1HjAA8gpFsMa8TGK6Tx/ODmy0HceuG+ITLC8gXmjmoUWHZzqp+lC27wYKPTCXMwwja/2hlV5KGAoOHkzKljniYR1MY7KS47rsospYDkdNt8GPmth2cW+0zJaBepI8xNzDLp6WXTIrRupuCPLkyMNjvhvVfXevXcCdHrPcK1GbRVS9pWPMZokCqqW0uALDf6pubk9bYHFLU7FU1Lo47hXiXMvd4oKSkvFqjR5nT4nZxcJcbnc4Fxai7m20zSxtKESdE/BvatTJJII53pQzmw/W6zpVvE2BHj3TfHEzyvI+RvqdOPsaMSxlMp7YhdQgJEtiLrYkarc7bc8NBcoA/eCGth/SdL5ofc0p+yOlZe1DliLsRYrawuLbc+uMxUDYX3Ll9LqZ1HEUhUrGOyBlEvdZjYqulUXV0Avt54gxVHbSG8ldToq+JjJ7vqiB93jdAC57xYHv7AWNzfFEwwvLifM0a5jqceYTTVTRWjciNFiRVV27q7kkgbm5J+eNEVat/mZ2F2IExy7h6eZpkRfpIFDNEbht2sVA8fLEtykr0xPmcWliSIXXKXGWJNECGWaQVOm+oAGy6rG4Hl88D/qEN5V/6TQ18a+Q8wXRV0oZqgSuJoez0v4jUFIbx5jbwxvZSh/hkdGVVmH1fM3cU5+KqTUkaxAqA5AAaR7bs9ue99umOYmN7Q4t3+Jy24ue5yZBkctVMIox5s5Gyr4t4Ytk5K468jJVUXbiIz8R0VJl6JEka1FW6h2eW5CDmO5yvgDDuuymNh6WE2iuocddwvkPEvuuVh5wzs8jLAl7ExG3eXy+IX6YEyMFbsn6JotvBO4Bg4vl0rT0MHu/aud9Rd2kY2JDNg5vT1/xLjvUHGUwGkipmAftZBI5dwzKzeJBsSCel8Mawor+nqDPtjtpz4vKyYkkmJJGjgnik0kpV7mnc95fsk/XGFnqOAuSvJfMKxr+J/aW5ohqIw30U8bDY2Uix5i/MHyvjyhNuO2uxGuq7OxAicJJDL2tITExNpInb6N4j8SHmRtfff0waPU+a8LO/wB5icfgdr4nDFB+i6ssLmhqj3iP9zK26g+A3tfwwQ5XOq0fuH95wD2bOoyZ/k0VXCY5ADsCjr0JHdZT4YV4uU+LZsQm2oWrKNzfL3p5nhcWZD8iCbAjytj3FNouQFYhsq4NOzLeIGieNjFDM0SlY2lDEqBe3IgNbpcHGduOGHHepYW8TDkueOJaWZpknd5xLMVvsBpVYyu1gATy88CHGARlA611N/dPMExn/RUQzKdGKsr3q5EvzVVsqPbe12LW6jAAts/Tg/0hHBSxEU6WSpmeWcRCopz2qmNRGQi2Og6ditrA325YZfwkUJvTQQDe4u5S+moj1IrDtFDK6gixYDkdsF3DadHXUyQjcseqy6L3itjaGAwpDqhiiVO0EgsQyBd7X53vhIt7mtSCd78/EYGteRE4swKPS5fNJM0NkmQ6QRqnVbLqK20m6gX8sbVuwtcAb/8AqUYfSGgjKqmoVp6lhIZXjhmUxHdx2gXUx3sNj64IvrRyqDx3Mq2PbQnUcYxLEJkHZ1UqsJoY1UxtbYM6mwB6dfMYHGAxbifA8TRshAkT56qWpcRpEi6m2hp1IBbq2nc388NNJUnJoGd2H6Yyy8FpS0xqK1zfbRBGRdnIuFLfnhcnqXv2cKv94W2OEHJo68D0EcFGsgUL2w7ZrfYIuF89h1wl9Rse2/gx8QzHQInIRFmpe2qHraoEQvITFCL9pOoNlRF56drXw+qsFVfs1+fn9oCw5vzMzk4Wr62XtJFECHZQ+wRByREHIAWxmc/Fxl0OzLNTZafGhDE+SwZVTNOW7WqI0RM1rCQg7ovlzvgOvKtzrQoGl+ZdqlpWVk7XJJvc7/fj0YAAEWk7buY47JJiSSYkk98P8/jiDYnI38EzSWaOmmMVUCWRXb6OVLboVOwb88LM+pAOVo2sMx31GKP2gvCxjq6Vkdfi0WHqQh6fM4Vt6RXb9VTQsZfH7xManj2ikO8U7KQVkRgul1PIMLnlzB2xonpV9Y6Mp+qVj3CGQZp2aaoHarohvoG81Mp5god2X77Ywy8QWHRHF/7Ga1267XxAHtREMi01REQ2rXGzL4KAVDXFwdztg30Yuu62+JhmhSOQiDFCzsFUFmJsFUbk+Qw9Yqg5MYvA39sZKbgSvYA9iF5bPIgP8xha3q2Lv7oQuLY3c2SZdmdLKKhopSy7FzZ1ZdOnS1iSRp2x1bsW8cVM6VsU71OT/wASaYJ4Y4Ei7exkZXYm4a5tf4RzFvPGpw/rV2O9Spv0NAQNRyKsiM99KspIW3JTfrgl1JXUxU97MbpuLoffHrI4Ze2ZNKqzLpuV03a25Hz6YXLgOa/aY9QpshQ24JqeKWeBYDDEyrI0t21E9ozFmNwQLb2tbBCYQV+QMzN2+pyVmd1E5ALbaVjCRqFGgG6pZbG1+mNUqrr7aU5s/wBIhU8MtFRy1FSCjt2aU8Z2JZmuWI6C3TApzlsuCV+PkzX9OQv1R94RySChhV5SgqJFBdiRdVYXCInM/d88Is/ItyLOCfbD6KkpXvzF7jIVVdKoWJoaVNXZvOVQE/Wc6iMMMBKcSvvtjB72Z2h5p5CsaRMtRFIEihihB7NVUAF53G4F77bXwMal2XcaI8mbhiF0DDuXZOqN2j/S1BABlZR3QuwWNeSL5W353wryMl2+helm9dap2ZhnXENPTKWkkUsOUakFi3htyHnjmNhW3njx/rO2ZCIO5TnFHEUlZLrbuqtwiDoD1PifPHsMTEXGXQiW+82GBL4M8+ZjrqS+JJPcSSTEkkxwjuQTZTzsjK6Eqym4I8R1xx0Fg4nsTqtoy0MjzOmzSIQ1KKKhFAvsCw+2h538vwx5zKptwm50+IzrdbRpoLzP2ZyA3p5UkH2ZO6R4C/I4Ip9cVl1YJm+E/wDlmjLuB8xicSRvHE4PxJN/Efli9vquKy99iVXGvrOp251NUrH2FdTLJFI2rtqYWbXy1gKLE+ItvimOaWblS3f7y9nIDVghPg/JIqUGpCzVHaXCMITqiUdXQ7g+eBs6+27+H4mlFaJ3NnEHHoiFoYJSx+vMjqoPkSN8ZY3pHPtzL3ZnHpREocYVUkwMtTLFGT3hABsPshOuHYwaa0+gdwE5NjeYeo4soq3u8kizNa5kIj1N5BRYfxwBbZm070NiEqtDefMJVnsypmBMcsqeGrSy/gNx54ET1y1fuWXb08N2DEbiPhWejN3AeI/DMt9N/snqMPcTPrvHXmA24zVruAgt7AX3sPmdgABgw8QCYN9xlw8O5BSUFOs8+ntSoYvJ9W4uEVfHpjyeVlZGXYa08RxSi1LyMD5nJPmE8chUw0kTBoUe2uWx1EonNiQLeA8cH0ImJXryx8zBma1/2jEMhkldpiwpGkJYiKzSC4+tM19O3QAWwtfPrr0muX9oWKdnZgnOPZ8ZAWSqkeT/APIuwJ8Ljljen1pV1tepnbiEjYiJVwVVJKyN2sL9bMw1DxBGxGHqPVkLyHe4AwZDoyS8QVbCzVM5HnI2IMSod8Zz3rINc3JJ3J6nn9+N1AUaHiUJ3MdI8Bi2yfMqAJNI/wAjE5bk1ueWHl+GO7nJoxackxJJMSSTEkmyKVlYMrFWBuGUm4PiCMVYAjiwnQ5Bj9w97RmULHURtLyUSJbVv4qdicI8r0YE8qzqMKczj5h6u4/pox+rqCw+o0ejf1OF6ejWk+dCENmIIl5zx1VTNaImBL7JHbVfoS1ueHWN6ZTSNt3ArMln8SZZw/mVWQ+qVV59pLI4+dibnHL8zFo6PZlq6bXjaMoqKSIzT17yRQrqaIrcE27qKXvbvWGFy5VeS3t1pr99wj2Sn3xMfjScsWEdOq32TsIyB8yL3w3XArC62YG2SeXiZpxKJGAbL6SWQ8isbgk/uqccON7Y6fQlhZs+I21HEDUFMjPTxxzzkmOBZJCqqPrMCTbpt54VfohlW6B6HzCmyDTXo+ZtTPfeKJaqaKQoryJNFAUK6b/G6sCWH5YquL7F5rVu/iWNnuV8mgLJ8toS/b05kqJI21rQv2asWBJWzE94eQ32wxstuA4P0PzBFFXlZ5TR1NS8hgoyH1EmaqkZ9DE7hFYADfyNvHFHeihPrbr9pYK79ATyfgrM2k7UyIZVN9XbbgjlptyxQeqYoXj8SHFtHgwkKjPYQQUEoHX6JtvlYnA/D0607+ZqGvQThPF+a309gNV7f+Xk5+ZJtjcenYP3f9yv6m+TN8/eRBBmEEakjumH9ZEejFCTf0uMaUYi1tyoMo92x9cSHYXPMi5325DkcNYFuY6vI4kkhk8jjupyai58xiwEk81Hxx2cnmJJJiSSYkkmJJJiEkyeZL+v/wA+OIf3nNRw4d43aJRHUIKmEcrhdQHgCdjhZk+nCz6kOjDKskL98dcs4oyx7MphhbwkiCkfMAg+uEl+FmDrzDlyKW8QtDxDBISsJNSw6QqSL+BY2AwGcK5e7OpsLk+IGzzIKuusJZEpoByiF3Y/tueV/LBlGVRiD6RtpjZS1n3GYUfs2pFtrMsx/eCg+VgL47Z65ax0onVwagNwnUGhy6Mtoji22AA7R/2QTufXGNf6nMbRJl39utehKi4lzt6udpW2HJE+ynQDztj1OLjLjpxX+sUXWmxtmWB7Ka5GppYDbWkhbQbd5GAGw6jY3wi9bqdbRYsPw3Ur9U38Qez6KQ9rSv2El76d9GrmCtt1364yxfWCo4WjYl7cMN2nU56XO8wogErKdp4l/wB9HubeNwNx641tx8fLH8F9H8Sq22VdEQrS8f0LC5kaPxDJv6bYCf0fIBmq5dfzPKjjrL1FxIXPgqH+OInpGSW1qWfMoEVc79ozvdadexUgguxuxHl0U4cY3pHDuw7gNuZv7YkzTXJZmJJN73N79cOFGl4gQNm5eZr1euOgSkwJxbU7PMdkkxJyTEkkxJJMSSTEkkxJJMSSTEkkxJJMTUk6abMJYxZJZEHgjsN/lzxm1Kt5EuGcQrT8Y1yWtUyEftWP+LAr+n47eVmoybBNk/Gtc171DD9xUX+GOL6ZjL2FnTluYDqal5GLO7Ox6uST+ODErVPtEwZ2aacXlZupal42DozIw5MpIOOPUrjuWDajLRe0GujFi6Sj/iLfbwuCMLbfSMZ/AhCZriFF9qM9rNTwnxF23HpvgYehIDtW1Nv1zQJn2Z0tUpkWL3WpHxKm8ct+virefXDDHpuo+kncwts5RbwYeu9QaTEkkxJJMSSTEkkxJJMSSTEkn//Z"
Carleton College,Liberal Arts,47500,Midwestern,Private,21,46167,2045,-93.154662,44.462304,https://www.studentinsurance.com/Images/Schools/Logos/Logo_1268_CarletonCollegelogo2017.jpg
Carnegie Mellon University (CMU),Engineering,61800,Northeastern,Private,25,47642,12367,-79.942914,40.444616,https://www.cmu.edu/marcom/brand-standards/images/red-seal-greater-than-two-inches-min.png
Clemson University,State,48400,Southern,Public,58,13054,21303,-82.834463,34.677329,https://www.clemson.edu/brand/resources/logos/seal/orange-purple.png
Cleveland State University,State,43500,Midwestern,Public,63,9499,17497,-81.673052,41.502918,https://www.csuohio.edu/sites/default/files/media/marketing/images/seal.jpg
Colgate University,Liberal Arts,52800,Northeastern,Private,26,46380,2900,-75.535,42.8188,https://upload.wikimedia.org/wikipedia/en/thumb/d/d2/Colgate_University_seal.svg/1200px-Colgate_University_seal.svg.png
College of the Holy Cross,Liberal Arts,50200,Northeastern,Private,33,44272,2912,-71.808627,42.238942,https://c7.uihere.com/files/679/749/309/college-of-the-holy-cross-holy-cross-crusaders-men-s-basketball-holy-cross-crusaders-football-holy-cross-crusaders-baseball-holy-cross-crusaders-women-s-basketball-holy-thumb.jpg
Colorado School of Mines,Engineering,58100,Western,Public,37,16485,5790,-105.227148,39.75079,https://www.miningfoundationsw.org/Resources/Pictures/Hall%20of%20Fame/1997/csm.jpg
Colorado State University (CSU),State,44800,Western,Public,7,49138,26957,-105.08083,40.574759,https://www.libarts.colostate.edu/music/wp-content/uploads/sites/17/2013/04/Ram-head-600x600.jpg
Columbia University,Ivy League,59400,Northeastern,Private,55,5514,8156,-73.961885,40.808286,https://www.tokyoacademics.com/wp-content/uploads/2019/01/Universities-logo-19-600x600.png
Cooper Union,Engineering,62200,Northeastern,Private,8,41400,920,-73.990516,40.72938,https://i.forbesimg.com/media/lists/colleges/cooper-union-for-the-advancement-of-science-and-art_416x416.jpg
Cornell University,Ivy League,60300,Northeastern,Private,16,45358,21593,-76.48269,42.445291,Cornell University.png
Dartmouth College,Ivy League,58000,Northeastern,Private,10,46752,6342,-72.289951,43.70408,https://i.warosu.org/data/fa/img/0087/42/1409724793924.gif
Davidson College,Liberal Arts,46100,Southern,Private,26,42849,1788,-80.845236,35.500006,https://reclaimhosting.com/wp-content/uploads/2018/07/Davidson-College.jpg
Florida Atlantic University (FAU),State,42600,Southern,Public,48,4790,30759,-80.102293,26.372536,https://upload.wikimedia.org/wikipedia/en/thumb/f/f3/Florida_Atlantic_University_seal.svg/1200px-Florida_Atlantic_University_seal.svg.png
Florida International University (FIU),State,43200,Southern,Public,43,6496,47663,-80.377591,25.757111,https://epuq3mo14u-flywheel.netdna-ssl.com/wp-content/uploads/2016/11/FIU-web.jpg
Florida State University (FSU),Party,42100,Southern,Public,57,6507,40909,-84.294801,30.4421,https://upload.wikimedia.org/wikipedia/en/thumb/6/6b/Florida_State_University_seal.svg/1200px-Florida_State_University_seal.svg.png
Fort Lewis College,Liberal Arts,42000,Western,Public,88,6923,4021,-107.867003,37.275428,http://images.signaturea.com/sa/assets/logos/page_seals/516_seal_foil.png
George Mason University,State,47800,Southern,Public,62,9908,33917,-77.30794,38.83088,https://unixtitan.net/images/president-drawing-george-mason.png
Georgia Institute of Technology,Engineering,58300,Southern,Public,55,10650,21471,-84.396019,33.773732,https://encrypted-tbn0.gstatic.com/images?q=tbn:ANd9GcTro1LagFdMu_vmAve7VLsmCj0vCT5FwMjF77UKaloxYBVlsG8n
Georgia State University,State,41800,Southern,Public,55,8368,32165,-84.38667,33.7527,http://s4844.pcdn.co/wp-content/uploads/2016/10/2015-GSU_primary.jpg
Harvard University,Ivy League,63400,Northeastern,Private,6,42292,28297,-71.118177,42.374429,https://www.lemurconservationnetwork.org/wordpress/wp-content/uploads/2015/01/Harvard_Wreath_Logo_1.svg_.png
Harvey Mudd College,Engineering,71800,California,Private,18,46509,807,-117.710594,34.106137,https://d28htnjz2elwuj.cloudfront.net/wp-content/uploads/2019/03/01104732/Harvey-Mudd-College.jpg
Humboldt State University,State,42600,California,Public,80,7144,8293,-124.0814,40.8741,https://upload.wikimedia.org/wikipedia/en/thumb/6/6d/Humboldt_State_University_seal.svg/1200px-Humboldt_State_University_seal.svg.png
Idaho State University,State,44900,Western,Public,,6344,13326,-112.429084,42.864108,https://upload.wikimedia.org/wikipedia/en/thumb/8/8f/Idaho_State_University_seal.svg/1200px-Idaho_State_University_seal.svg.png
Illinois Institute of Technology (IIT),Engineering,56000,Midwestern,Public,57,40117,7850,-87.628346,41.833801,https://upload.wikimedia.org/wikipedia/en/thumb/9/96/Illinois_Institute_of_Technology_%28seal%29.svg/1200px-Illinois_Institute_of_Technology_%28seal%29.svg.png
Illinois State University,State,42000,Midwestern,Public,69,13010,20272,-88.99234,40.509724,https://universitymarketing.illinoisstate.edu/images/logos/ISU-Seal_1C_186.png
"Indiana University (IU), Bloomington",Party,46300,Midwestern,Public,72,10209,46817,-87.407085,39.46873,https://upload.wikimedia.org/wikipedia/en/thumb/5/5d/Indiana_University_seal.svg/1200px-Indiana_University_seal.svg.png
Iowa State University,State,45400,Midwestern,Public,83,7726,32955,-93.648353,42.026368,https://upload.wikimedia.org/wikipedia/en/thumb/8/80/Iowa_State_University_seal.svg/1200px-Iowa_State_University_seal.svg.png
Kansas State University (KSU),State,43300,Midwestern,Public,96,8585,24581,-96.581077,39.188616,https://upload.wikimedia.org/wikipedia/en/thumb/7/74/Kansas_State_University_seal.svg/1200px-Kansas_State_University_seal.svg.png
Lafayette College,Liberal Arts,53900,Northeastern,Private,34,44670,2486,-75.209058,40.700512,https://amploprod.s3.amazonaws.com/uploads/entity/favicon/5b228b8a7863fe005972e00f/Lafayette_Logo.jpg
Lewis & Clark College,Liberal Arts,38900,Western,Private,63,41928,3521,-122.672478,45.450547,https://encrypted-tbn0.gstatic.com/images?q=tbn:ANd9GcQswotV4A6oSNtaN1BoND_mZegtbt2QR8WHOHOE8mK0Fmp1Ob8P
Louisiana State University (LSU),Party,46900,Southern,Public,76,7873,30478,-92.414409,31.178616,https://www.lsu.edu/stratcomm/online-brand-guide/images/2015-LSUseal.jpg
Massachusetts Institute of Technology (MIT),Engineering,72200,Northeastern,Private,8,43498,11301,-71.092115,42.360095,https://www.mollborn.com/wp-content/uploads/2015/07/logo-mit.png
Michigan State University (MSU),State,46300,Midwestern,Public,69,12862,49317,-84.473639,42.72476,https://upload.wikimedia.org/wikipedia/en/thumb/5/53/Michigan_State_University_seal.svg/1200px-Michigan_State_University_seal.svg.png
Middlebury College,Liberal Arts,47700,Northeastern,Private,17,45314,2495,-73.176068,44.009117,https://upload.wikimedia.org/wikipedia/en/thumb/0/01/Middlebury_College_seal.svg/1200px-Middlebury_College_seal.svg.png
Mississippi State University (MSU),State,44500,Southern,Public,65,6772,20161,-93.276821,37.197983,https://picserio.com/data/out/307/msu-bulldogs-wallpaper-for-computer_5165773.jpg
Montana State University - Bozeman,State,46600,Western,Public,84,6752,14852,-111.049918,45.666829,https://cdn.wallpapersafari.com/30/63/JtEIkf.jpg
Mount Holyoke College,Liberal Arts,42400,Northeastern,Private,47,41456,2251,-72.573625,42.257588,https://upload.wikimedia.org/wikipedia/en/c/c6/MountHolyokeCollege_seal.png
New Mexico Institute of Mining and Technology,Engineering,51000,Western,Public,41,5714,2134,-106.907491,34.066035,https://i.forbesimg.com/media/lists/colleges/new-mexico-institute-of-mining-and-technology_416x416.jpg
New Mexico State University,State,44300,Western,Public,85,6220,16765,-106.747841,32.282875,http://nmsua.edu/files/themes/nmsu-theme-v2/images/nmsua-logo.png
Occidental College,Liberal Arts,51900,California,Private,42,46652,2128,-118.210783,34.126224,https://upload.wikimedia.org/wikipedia/en/thumb/d/de/Formal_Seal_of_Occidental_College%2C_Los_Angeles%2C_USA.svg/1200px-Formal_Seal_of_Occidental_College%2C_Los_Angeles%2C_USA.svg.png
Ohio State University (OSU),State,44900,Midwestern,Public,56,10037,57466,-83.009001,39.998389,https://tirecovers.com/media/wysiwyg/College_logos/Ohio-State-University-Buckeyes-Primary-Logo.png
Oregon State University (OSU),State,45100,Western,Public,79,8322,27902,-123.274721,44.56274,https://communications.oregonstate.edu/sites/communications.oregonstate.edu/files/screen_shot_2017-04-21_at_4.23.07_pm.png
Pennsylvania State University (PSU),State,49900,Northeastern,Public,54,16992,46615,-77.861644,40.800732,https://i.pinimg.com/originals/07/23/b2/0723b2c9612fde79a6fc722e1a880c58.jpg
Pomona College,Liberal Arts,48600,California,Private,14,43580,1610,-117.711944,34.098298,https://upload.wikimedia.org/wikipedia/en/thumb/f/f9/Pomona_College_seal.svg/1200px-Pomona_College_seal.svg.png
Portland State University (PSU),State,42600,Western,Private,61,7878,28260,-122.683553,45.511229,https://upload.wikimedia.org/wikipedia/en/thumb/b/b9/Portland_State_University_seal.svg/1200px-Portland_State_University_seal.svg.png
Princeton University,Ivy League,66500,Northeastern,Private,7,40170,8014,-74.663708,40.348496,https://upload.wikimedia.org/wikipedia/en/thumb/7/71/Princeton_shield.svg/1200px-Princeton_shield.svg.png
Purdue University,State,51400,Midwestern,Public,60,9992,39794,-86.914435,40.428206,https://ag.purdue.edu/agry/intranet/logo/Purdue-Boilermakers.gif
Rensselaer Polytechnic Institute (RPI),Engineering,61100,Northeastern,Private,41,46269,6714,-73.678768,42.728983,https://teenlife.s3.amazonaws.com/media/uploads/listings/5xrhVoCLZepi.png
Rochester Institute of Technology (RIT),Engineering,48900,Northeastern,Private,60,34424,16583,-77.67521,43.090325,http://www.freelogovectors.net/wp-content/uploads/2014/06/RIT-seal-Rochester-Institute-of-Technology.jpg
Rutgers University,State,50300,Northeastern,Public,60,13499,48036,-74.175294,40.741303,https://upload.wikimedia.org/wikipedia/en/thumb/f/f0/Rutgers_University_seal.svg/1200px-Rutgers_University_seal.svg.png
San Diego State University (SDSU),State,46200,California,Public,31,6766,31899,-117.071228,32.77525,https://upload.wikimedia.org/wikipedia/en/thumb/6/60/San_Diego_State_University_seal.svg/1200px-San_Diego_State_University_seal.svg.png
San Francisco State University (SFSU),State,47300,California,Public,64,6450,29905,-122.477905,37.721345,https://yt3.ggpht.com/a-/AAuE7mAzwYJhHHJhWuLMxPvTSWOF1HZnG4VwhWup=s900-mo-c-c0xffffffff-rj-k-no
San Jose State University (SJSU),State,53500,California,Public,63,7343,31278,-121.881214,37.335201,https://upload.wikimedia.org/wikipedia/en/thumb/d/d3/SJSU_Seal.svg/1200px-SJSU_Seal.svg.png
South Dakota State University (SDSU),State,41100,Midwestern,Public,92,7713,12525,-96.783415,44.31942,https://www.sdstate.edu/sites/default/files/SDLogo3c.jpg
SUNY at Albany,Party,44500,Northeastern,Public,55,8040,17338,-73.825014,42.686917,https://www.albany.edu/biology/images/UA_logo/logo_A4_pms124_blk.png
Tennessee Technological University,Engineering,46200,Southern,Private,93,7063,11118,-85.503957,36.174659,https://upload.wikimedia.org/wikipedia/en/thumb/1/19/Tennessee_Technological_University_seal.svg/1200px-Tennessee_Technological_University_seal.svg.png
Texas A&M University,State,49700,Southern,Public,69,8506,55697,-96.340322,30.613226,https://upload.wikimedia.org/wikipedia/en/thumb/f/f7/Texas_A%26M_University_seal.svg/220px-Texas_A%26M_University_seal.svg.png
Thomas Aquinas College,Liberal Arts,41500,California,Private,79,24500,366,-119.087141,34.429009,https://specials-images.forbesimg.com/imageserve/559ebe4fe4b05c2c3431c77b/300x300.jpg?fit=scale&background=000000
Union College,Liberal Arts,47200,Northeastern,Private,37,46785,2246,-73.928498,42.817578,http://www.unionky.edu/sites/default/files/public/images/thumbnails/news/U-for-web.png
University of Alabama at Huntsville (UAH),State,43100,Southern,Public,81,9192,7376,-86.63842,34.722818,https://www.uah.edu/images/administrative/communications/style-guide/athletics-logo.png
University of Arizona,State,47500,Western,Public,77,10391,40621,-110.950769,32.232071,https://www.commonapp.org/files/styles/400-y/public/school/logo/Homepage_UA_HomepageRotationLogo.jpg?itok=mXLpx7Vy
University of Arkansas - Monticello (UAM),State,39200,Southern,Public,,5793,3893,-94.178214,36.06153,https://upload.wikimedia.org/wikipedia/commons/b/b2/Arkansas%E2%80%93Monticello_Athletics_logo.png
University of California at Los Angeles (UCLA),State,52600,California,Public,22,12697,40795,-118.443901,34.068892,https://upload.wikimedia.org/wikipedia/commons/thumb/0/0d/The_University_of_California_UCLA.svg/1200px-The_University_of_California_UCLA.svg.png
"University of California, Berkeley",State,59900,California,Public,18,12864,36198,-122.260401,37.871519,https://upload.wikimedia.org/wikipedia/commons/thumb/a/a1/Seal_of_University_of_California%2C_Berkeley.svg/1200px-Seal_of_University_of_California%2C_Berkeley.svg.png
"University of California, Davis",State,52300,California,Public,45,13895,33307,-121.751958,38.539895,https://upload.wikimedia.org/wikipedia/commons/thumb/f/f3/The_University_of_California_Davis.svg/1200px-The_University_of_California_Davis.svg.png
"University of California, Irvine (UCI)",State,48300,California,Public,42,13149,28895,-117.841248,33.648434,http://ipc12.eng.uci.edu/sites/default/files/uci_logo.jpg
"University of California, Riverside (UCR)",State,46800,California,Public,62,12960,21207,-117.331098,33.97588,https://upload.wikimedia.org/wikipedia/en/5/51/UC_Riverside_seal.svg
"University of California, San Diego (UCSD)",State,51100,California,Public,38,13271,29517,-117.237793,32.876598,https://upload.wikimedia.org/wikipedia/en/thumb/4/44/University_of_California%2C_San_Diego_seal.svg/1200px-University_of_California%2C_San_Diego_seal.svg.png
"University of California, Santa Barbara (UCSB)",Party,50500,California,Public,44,13746,22225,-119.848031,34.415402,https://upload.wikimedia.org/wikipedia/en/thumb/4/49/UC_Santa_Barbara_seal.svg/1200px-UC_Santa_Barbara_seal.svg.png
"University of California, Santa Cruz (UCSC)",State,44700,California,Public,60,13397,17203,-122.067993,36.997258,https://upload.wikimedia.org/wikipedia/commons/thumb/f/fc/The_University_of_California_1868.svg/1200px-The_University_of_California_1868.svg.png
University of Colorado - Boulder (UCB),State,47100,Western,Public,88,10347,32017,-105.267061,40.004415,https://upload.wikimedia.org/wikipedia/en/thumb/4/45/University_of_Colorado_seal.svg/1200px-University_of_Colorado_seal.svg.png
University of Colorado - Denver,State,46100,Western,Public,76,7933,22206,-104.999181,39.74603,https://yt3.ggpht.com/a-/AAuE7mCrHT46jCbJ2vuxNrAwk8yaUvX4N_I0Iqlw6Q=s900-mo-c-c0xffffffff-rj-k-no
University of Connecticut (UConn),State,48000,Northeastern,Public,54,12022,25911,-72.249519,41.808205,http://brand.uconn.edu/wp-content/uploads/sites/1060/2015/08/husky-logo-lockup-circleR.jpg
University of Delaware,State,45900,Southern,Public,65,12112,22166,-75.7536,39.679791,https://upload.wikimedia.org/wikipedia/en/thumb/2/29/University_of_Delaware_Seal.svg/1200px-University_of_Delaware_Seal.svg.png
University of Florida (UF),Party,47100,Southern,Public,47,6263,49878,-82.361195,29.638248,https://images-na.ssl-images-amazon.com/images/I/41m8tCV4JRL.jpg
University of Georgia (UGA),Party,44100,Southern,Public,56,10262,34536,-83.374049,33.956428,https://assets.simpleviewinc.com/simpleview/image/upload/crm/athens/Screen-GEORGIA-V-FC0-6a2c441f5056a36_6a2c44dc-5056-a36a-0ab069aabab2638c.png
University of Houston (UH),State,46000,Southern,Public,58,8401,39540,-95.344851,29.719988,http://www.imglearfieldticketsolutions.com/wp-content/uploads/2018/07/Houston-1.png
University of Idaho,State,44900,Western,Public,66,6524,12024,-117.024296,46.726894,https://upload.wikimedia.org/wikipedia/en/thumb/4/44/University_of_Idaho_seal.svg/1200px-University_of_Idaho_seal.svg.png
University of Illinois at Chicago,State,47500,Midwestern,Public,71,13410,28038,-87.651145,41.872651,https://upload.wikimedia.org/wikipedia/commons/thumb/9/96/University_of_Illinois_at_Chicago_circle_logo.svg/2000px-University_of_Illinois_at_Chicago_circle_logo.svg.png
University of Illinois at Urbana-Champaign (UIUC),Party,52900,Midwestern,Public,62,14750,44942,-88.230309,40.108864,http://publish.illinois.edu/inspire-illinois/files/2014/04/UIUC-logo.gif
University of Iowa (UI),Party,44700,Midwestern,Public,80,8061,29748,-91.535698,41.660695,https://anad.org/wp-content/uploads/2017/09/University-of-Iowa.jpg
University of Kansas,State,42400,Midwestern,Public,92,10107,26968,-95.24587,38.957351,https://upload.wikimedia.org/wikipedia/en/thumb/0/0b/University_of_Kansas_seal.svg/1200px-University_of_Kansas_seal.svg.png
University of Kentucky (UK),State,42800,Southern,Public,69,10110,28435,-84.509177,38.032393,https://images-na.ssl-images-amazon.com/images/I/41PL6JFPM0L.jpg
University of Louisiana (UL) at Lafayette,State,41100,Southern,Public,59,6192,16646,-92.01941,30.215283,https://upload.wikimedia.org/wikipedia/en/thumb/f/f7/University_of_Louisiana_at_Lafayette_seal.svg/1200px-University_of_Louisiana_at_Lafayette_seal.svg.png
University of Maryland Baltimore County (UMBC),State,47000,Southern,Public,63,10068,13908,-76.711607,39.256686,https://pgs.thesentinel.com/wp-content/uploads/2018/10/umd.png
"University of Maryland, College Park",Party,52000,Southern,Public,47,9162,37272,-76.939704,38.988607,https://upload.wikimedia.org/wikipedia/en/thumb/3/3e/University_of_Maryland_seal.svg/1200px-University_of_Maryland_seal.svg.png
University of Massachusetts (UMass) - Amherst,State,46600,Northeastern,Public,63,13443,28518,-72.52613,42.386105,http://www.umass.edu/comparativegenomics/images/logos/logo.gif
University of Massachusetts (UMass) - Lowell,State,45400,Northeastern,Public,64,12097,16932,-71.325081,42.65372,http://faculty.uml.edu/Hualiang_Zhang/img/uml_logo.jpg
University of Michigan,State,52700,Midwestern,Public,33,13142,43710,-83.74313,42.276172,https://www.gannett-cdn.com/-mm-/95bf29f2264a561177401f48874c1d43041c3a3a/c=52-0-436-512/local/-/media/2017/08/22/DetroitFreeP/DetroitFreePress/636389959099118562-U-M-logo.jpg-1-1-OC9FVI8C-L537883171.JPG?width=534&height=712&fit=crop
University of Minnesota,State,46200,Midwestern,Public,44,13555,51526,-92.085177,46.818896,https://upload.wikimedia.org/wikipedia/commons/thumb/f/f9/Minnesota_Golden_Gophers_logo.svg/1024px-Minnesota_Golden_Gophers_logo.svg.png
University of Mississippi,Party,41400,Southern,Public,59,6760,19431,-89.539377,34.362144,https://upload.wikimedia.org/wikipedia/en/thumb/b/b5/University_of_Mississippi_seal.svg/1200px-University_of_Mississippi_seal.svg.png
University of Nebraska,State,45700,Midwestern,Public,64,8060,24445,-96.702177,40.822272,https://upload.wikimedia.org/wikipedia/en/thumb/b/bd/University_of_Nebraska_seal.svg/1200px-University_of_Nebraska_seal.svg.png
University of New Hampshire (UNH),Party,41800,Northeastern,Public,78,16496,14913,-70.934512,43.134235,https://unh.edu/cpa/images/logos/CenterStackedBlueDigital_RGB.png
University of New Mexico (UNM),State,41600,Western,Public,65,6846,28592,-106.620155,35.083868,https://upload.wikimedia.org/wikipedia/en/thumb/c/c4/University_of_New_Mexico_seal.svg/1200px-University_of_New_Mexico_seal.svg.png
University of North Carolina at Chapel Hill (UNCH),State,42900,Southern,Public,28,8340,29127,-79.050969,35.912165,https://upload.wikimedia.org/wikipedia/en/thumb/5/5c/University_of_North_Carolina_at_Chapel_Hill_seal.svg/1200px-University_of_North_Carolina_at_Chapel_Hill_seal.svg.png
University of Oregon,State,42200,Western,Public,74,9763,24473,-123.07398,44.044515,https://specials-images.forbesimg.com/imageserve/5776a8364bbe6f5634815502/300x300.jpg?fit=scale&background=000000
University of Pennsylvania,Ivy League,60900,Northeastern,Private,12,45890,24630,-75.193618,39.951002,https://upload.wikimedia.org/wikipedia/commons/thumb/9/92/UPenn_shield_with_banner.svg/2000px-UPenn_shield_with_banner.svg.png
University of Richmond,Liberal Arts,48600,Southern,Private,31,45320,4140,-77.538702,37.577625,https://upload.wikimedia.org/wikipedia/en/thumb/d/d7/University_of_Richmond_seal.svg/1200px-University_of_Richmond_seal.svg.png
University of Virginia (UVA),State,52700,Southern,Public,30,12668,23464,-78.502599,38.036546,https://d28htnjz2elwuj.cloudfront.net/wp-content/uploads/2013/11/University_of_Virginia_Logo.jpg
University of Washington (UW),State,48800,Western,Public,55,12397,43762,-122.313115,47.656213,https://www.logolynx.com/images/logolynx/75/752320f624c1ad692848ae92c48de838.gif
University of Wisconsin (UW) - Madison,State,48900,Midwestern,Public,68,10403,42677,-89.405356,43.073858,https://wisconsintechnologycouncil.com/wp-content/uploads/2018/02/color-UWcrest-print.png
University of Wyoming (UW),State,44500,Western,Public,96,4404,12778,-105.57204,41.311943,https://bloximages.chicago2.vip.townnews.com/wyomingbusinessreport.com/content/tncms/assets/v3/editorial/f/b8/fb89eee2-d228-11e8-ad49-f76dc1aa5432/5bc76213429ab.image.jpg?resize=400%2C400
Utah State University,State,43800,Western,Public,97,6030,27812,-111.81391,41.740748,https://upload.wikimedia.org/wikipedia/en/thumb/b/ba/Utah_State_University_seal.svg/1200px-Utah_State_University_seal.svg.png
Vassar College,Liberal Arts,46000,Northeastern,Private,24,47890,2477,-73.894345,41.685105,https://upload.wikimedia.org/wikipedia/en/thumb/c/c7/Vassar_College_Seal.svg/1200px-Vassar_College_Seal.svg.png
Virginia Polytechnic Institute and State University,Engineering,53500,Northeastern,Public,70,11455,31205,-80.423267,37.228561,https://www.kirkmanlaw.com/wp-content/uploads/2016/11/VATECH.jpg
Washington State University (WSU),State,45300,Western,Public,82,12327,27642,-117.158168,46.730448,https://upload.wikimedia.org/wikipedia/en/thumb/0/07/Washington_State_Cougars_logo.svg/1200px-Washington_State_Cougars_logo.svg.png
"Wesleyan University (Middletown, Connecticut)",Liberal Arts,46500,Northeastern,Private,21,47244,3205,-72.656755,41.55678,https://upload.wikimedia.org/wikipedia/commons/thumb/e/e1/Wesleyan_University_Philippines_%28seal%29.png/220px-Wesleyan_University_Philippines_%28seal%29.png
West Virginia University (WVU),Party,43100,Southern,Public,85,6456,29466,-79.953926,39.63468,http://cms.montgomerycollege.edu/assets/0/2345/2346/4043/8b54d5ee-e93c-4e25-b553-f8c59a1f9004.gif
Western Michigan University (WMU),State,42300,Midwestern,Public,83,10355,24294,-85.61512,42.282589,https://wmich.edu/sites/default/files/attachments/u5/2018/Wstack-gold-black.png
Western Washington University,State,42700,Western,Public,84,8863,14950,-122.484873,48.737236,http://spme.org/wp-content/uploads/sites/4/2014/06/wwu.png
Williams College,Liberal Arts,51700,Northeastern,Private,17,46600,2150,-73.205888,42.711669,https://upload.wikimedia.org/wikipedia/en/thumb/1/19/Williams_College_Seal.svg/1200px-Williams_College_Seal.svg.png
Yale University,Ivy League,59100,Northeastern,Private,7,44000,12109,-72.926688,41.311158,http://accfcorpgov.org/wp-content/uploads/2017/11/Yale.png
